FID	Longitude	Latitude	Type	NEIGH_NAME	BELEDIYE
0	39.648442	24.486048	تحسين وجهات	حي العريض	العوالي
1	39.64911	24.485316	رخص المحلات	حي العريض	العوالي
2	39.649326	24.484908	رخص المحلات	حي العريض	العوالي
3	39.649352	24.484686	إزالة المباني الايلة للسقوط	حي العريض	العوالي
4	39.65399	24.479958	اسكراب وتشليح	حي العريض	العوالي
5	39.641372	24.493062	صبات خراصانية	حي العريض	العوالي
6	39.642235	24.492655	صبات خراصانية	حي العريض	العوالي
7	39.646806	24.487757	صبات خراصانية	حي العريض	العوالي
8	39.646075	24.488622	اسكراب وتشليح	حي العريض	العوالي
9	39.64713	24.487404	اسكراب وتشليح	حي العريض	العوالي
10	39.651916	24.482091	اسكراب وتشليح	حي العريض	العوالي
11	39.655818	24.477952	اسكراب وتشليح	حي العريض	العوالي
12	39.651553	24.482668	إزالة الاستراحات واحواش الماشية والعشش والصناديق المنتشره علي مداخل المدينة	حي العريض	العوالي
13	39.65635	24.477413	إزالة الاستراحات واحواش الماشية والعشش والصناديق المنتشره علي مداخل المدينة	حي العريض	العوالي
14	39.645945	24.488759	إزالة الاستراحات واحواش الماشية والعشش والصناديق المنتشره علي مداخل المدينة	حي العريض	العوالي
15	39.643351	24.491354	معالجة حاويات النظافة	حي العريض	العوالي
16	39.645531	24.489097	معالجة حاويات النظافة	حي العريض	العوالي
17	39.646919	24.487611	معالجة حاويات النظافة	حي العريض	العوالي
18	39.647336	24.487266	معالجة حاويات النظافة	حي العريض	العوالي
19	39.648525	24.485985	معالجة حاويات النظافة	حي العريض	العوالي
20	39.649089	24.485378	معالجة حاويات النظافة	حي العريض	العوالي
21	39.649579	24.484789	معالجة حاويات النظافة	حي العريض	العوالي
22	39.652301	24.481545	معالجة حاويات النظافة	حي العريض	العوالي
23	39.653521	24.480572	معالجة حاويات النظافة	حي العريض	العوالي
24	39.654549	24.479452	معالجة حاويات النظافة	حي العريض	العوالي
25	39.656534	24.477217	معالجة حاويات النظافة	حي العريض	العوالي
26	39.656874	24.476923	معالجة حاويات النظافة	حي العريض	العوالي
27	39.657083	24.476719	معالجة حاويات النظافة	حي العريض	العوالي
28	39.658297	24.47539	معالجة حاويات النظافة	حي العريض	العوالي
29	39.658613	24.475083	معالجة حاويات النظافة	حي العريض	العوالي
30	39.658857	24.474744	معالجة حاويات النظافة	حي العريض	العوالي
31	39.643343	24.491264	إزالة اللوحات الدعائية المخالفة	حي العريض	العوالي
32	39.645073	24.489502	إزالة اللوحات الدعائية المخالفة	حي العريض	العوالي
33	39.647086	24.487501	إزالة اللوحات الدعائية المخالفة	حي العريض	العوالي
34	39.64713	24.487445	إزالة اللوحات الدعائية المخالفة	حي العريض	العوالي
35	39.6473	24.487113	إزالة اللوحات الدعائية المخالفة	حي العريض	العوالي
36	39.648883	24.485548	إزالة اللوحات الدعائية المخالفة	حي العريض	العوالي
37	39.649644	24.484696	إزالة اللوحات الدعائية المخالفة	حي العريض	العوالي
38	39.64984	24.484482	إزالة اللوحات الدعائية المخالفة	حي العريض	العوالي
39	39.651437	24.48242	إزالة اللوحات الدعائية المخالفة	حي العريض	العوالي
40	39.653846	24.48009	إزالة اللوحات الدعائية المخالفة	حي العريض	العوالي
41	39.655633	24.478151	إزالة اللوحات الدعائية المخالفة	حي العريض	العوالي
42	39.655703	24.478109	إزالة اللوحات الدعائية المخالفة	حي العريض	العوالي
43	39.656017	24.477758	إزالة اللوحات الدعائية المخالفة	حي العريض	العوالي
44	39.656409	24.477331	إزالة اللوحات الدعائية المخالفة	حي العريض	العوالي
45	39.657009	24.476697	إزالة اللوحات الدعائية المخالفة	حي العريض	العوالي
46	39.657765	24.475866	إزالة اللوحات الدعائية المخالفة	حي العريض	العوالي
47	39.6578	24.475833	إزالة اللوحات الدعائية المخالفة	حي العريض	العوالي
48	39.658422	24.475107	إزالة اللوحات الدعائية المخالفة	حي العريض	العوالي
49	39.658465	24.475075	إزالة اللوحات الدعائية المخالفة	حي العريض	العوالي
50	39.658817	24.474759	إزالة اللوحات الدعائية المخالفة	حي العريض	العوالي
51	39.644654	24.489979	إزالة اللوحات الدعائية المخالفة	حي العريض	العوالي
52	39.658835	24.474615	إزالة اللوحات الدعائية المخالفة	حي العريض	العوالي
53	39.646792	24.487735	معالجة محطات الوقود	حي العريض	العوالي
54	39.652581	24.481465	معالجة محطات الوقود	حي العريض	العوالي
55	39.657504	24.476089	ازالة مخلفات البناء والهدم ونواتج الحفر	حي العريض	العوالي
56	39.658695	24.474795	ازالة مخلفات البناء والهدم ونواتج الحفر	حي العريض	العوالي
57	39.643453	24.491216	رخص المحلات	حي العريض	العوالي
58	39.648718	24.48567	رخص المحلات	حي العريض	العوالي
59	39.651671	24.482431	رخص المحلات	حي العريض	العوالي
60	39.652096	24.481988	رخص المحلات	حي العريض	العوالي
61	39.656568	24.477136	رخص المحلات	حي العريض	العوالي
62	39.656665	24.477038	رخص المحلات	حي العريض	العوالي
63	39.657465	24.476197	رخص المحلات	حي العريض	العوالي
64	39.658195	24.475301	رخص المحلات	حي العريض	العوالي
65	39.645507	24.488893	رخص المحلات	حي العريض	العوالي
66	39.648831	24.485637	رخص المحلات	حي العريض	العوالي
67	39.664181	24.466119	ازالة مخلفات البناء والهدم ونواتج الحفر	حى الخالد	العوالي
68	39.667616	24.452223	صبات خراصانية	حى الخالد	العوالي
69	39.66427	24.465799	إزالة الاستراحات واحواش الماشية والعشش والصناديق المنتشره علي مداخل المدينة	حى الخالد	العوالي
70	39.667103	24.457647	إزالة الاستراحات واحواش الماشية والعشش والصناديق المنتشره علي مداخل المدينة	حى الخالد	العوالي
71	39.664438	24.464934	معالجة حاويات النظافة	حى الخالد	العوالي
72	39.665485	24.462785	معالجة حاويات النظافة	حى الخالد	العوالي
73	39.667095	24.457935	معالجة حاويات النظافة	حى الخالد	العوالي
74	39.66763	24.454139	معالجة حاويات النظافة	حى الخالد	العوالي
75	39.667493	24.453235	معالجة حاويات النظافة	حى الخالد	العوالي
76	39.661466	24.470978	إزالة اللوحات الدعائية المخالفة	حى الخالد	العوالي
77	39.662754	24.469107	إزالة اللوحات الدعائية المخالفة	حى الخالد	العوالي
78	39.662756	24.469029	إزالة اللوحات الدعائية المخالفة	حى الخالد	العوالي
79	39.665391	24.462868	إزالة اللوحات الدعائية المخالفة	حى الخالد	العوالي
80	39.66255	24.469585	إزالة اللوحات الدعائية المخالفة	حى الخالد	العوالي
81	39.663641	24.466944	معالجة محطات الوقود	حى الخالد	العوالي
82	39.664177	24.466119	ازالة مخلفات البناء والهدم ونواتج الحفر	حى الخالد	العوالي
83	39.664273	24.465954	ازالة مخلفات البناء والهدم ونواتج الحفر	حى الخالد	العوالي
84	39.667388	24.452683	ازالة مخلفات البناء والهدم ونواتج الحفر	حى الخالد	العوالي
85	39.66438	24.465159	رخص المحلات	حى الخالد	العوالي
86	39.667516	24.455164	رخص المحلات	حى الخالد	العوالي
87	39.651533	24.484087	تحسين وجهات	حى شـظاة	العوالي
88	39.651313	24.484237	تحسين وجهات	حى شـظاة	العوالي
89	39.650914	24.4847	تحسين وجهات	حى شـظاة	العوالي
90	39.651294	24.484163	إزالة السيارات التالفة والمهملة	حى شـظاة	العوالي
91	39.646469	24.489354	إزالة السيارات التالفة والمهملة	حى شـظاة	العوالي
92	39.646275	24.489952	إزالة السيارات التالفة والمهملة	حى شـظاة	العوالي
93	39.653349	24.482004	صبات خراصانية	حى شـظاة	العوالي
94	39.653353	24.481961	معالجة حاويات النظافة	حى شـظاة	العوالي
95	39.651075	24.484604	معالجة حاويات النظافة	حى شـظاة	العوالي
96	39.650802	24.484611	معالجة حاويات النظافة	حى شـظاة	العوالي
97	39.6503	24.485284	معالجة حاويات النظافة	حى شـظاة	العوالي
98	39.652941	24.48242	إزالة اللوحات الدعائية المخالفة	حى شـظاة	العوالي
99	39.652855	24.482514	إزالة اللوحات الدعائية المخالفة	حى شـظاة	العوالي
100	39.651231	24.484314	إزالة المباني الايلة للسقوط	حى شـظاة	العوالي
101	39.653844	24.48144	رخص المحلات	حى شـظاة	العوالي
102	39.653156	24.482111	رخص المحلات	حى شـظاة	العوالي
103	39.650769	24.48484	رخص المحلات	حى شـظاة	العوالي
104	39.650599	24.484977	رخص المحلات	حى شـظاة	العوالي
105	39.650092	24.485495	رخص المحلات	حى شـظاة	العوالي
106	39.654647	24.480571	رخص المحلات	حى شـظاة	العوالي
107	39.653898	24.481304	رخص المحلات	حى شـظاة	العوالي
108	39.653114	24.482153	رخص المحلات	حى شـظاة	العوالي
109	39.651025	24.48442	رخص المحلات	حى شـظاة	العوالي
110	39.650175	24.48535	رخص المحلات	حى شـظاة	العوالي
111	39.624021	24.420128	معالجة حاويات النظافة	حى السـد	قباء
112	39.628815	24.420896	ازالة مخلفات البناء والهدم ونواتج الحفر	حى السـد	قباء
113	39.629546	24.421019	ازالة مخلفات البناء والهدم ونواتج الحفر	حى السـد	قباء
114	39.63198	24.421243	ازالة مخلفات البناء والهدم ونواتج الحفر	حى السـد	قباء
115	39.633274	24.421492	ازالة مخلفات البناء والهدم ونواتج الحفر	حى السـد	قباء
116	39.633932	24.421735	ازالة مخلفات البناء والهدم ونواتج الحفر	حى السـد	قباء
117	39.623449	24.420144	رخص المحلات	حى السـد	قباء
118	39.656734	24.4783	إزالة السيارات التالفة والمهملة	حى المبعو	العوالي
119	39.65879	24.476049	إزالة المظلات والهناكر (داخل الاحياء)	حى المبعو	العوالي
120	39.65832	24.476635	إزالة المظلات والهناكر (داخل الاحياء)	حى المبعو	العوالي
121	39.656476	24.478517	إزالة السيارات التالفة والمهملة	حى المبعو	العوالي
122	39.661404	24.473101	صبات خراصانية	حى المبعو	العوالي
123	39.661623	24.472978	إزالة اللوحات الدعائية المخالفة	حى المبعو	العوالي
124	39.660297	24.474936	ازالة مخلفات البناء والهدم ونواتج الحفر	حى المبعو	العوالي
125	39.658482	24.47636	رخص المحلات	حى المبعو	العوالي
126	39.662815	24.47261	رخص المحلات	حى المبعو	العوالي
127	39.658776	24.476131	اسكراب وتشليح	حى المبعو	العوالي
128	39.594941	24.446957	إزالة السيارات التالفة والمهملة	حى الظاهر	قباء
129	39.593408	24.449585	إزالة السيارات التالفة والمهملة	حى الظاهر	قباء
130	39.596392	24.444552	صبات خراصانية	حى الظاهر	قباء
131	39.596127	24.445271	صبات خراصانية	حى الظاهر	قباء
132	39.595617	24.445846	صبات خراصانية	حى الظاهر	قباء
133	39.595353	24.446273	صبات خراصانية	حى الظاهر	قباء
134	39.594482	24.447655	صبات خراصانية	حى الظاهر	قباء
135	39.597432	24.442846	اسكراب وتشليح	حى الظاهر	قباء
136	39.592139	24.451514	اسكراب وتشليح	حى الظاهر	قباء
137	39.594069	24.448455	اسكراب وتشليح	حى الظاهر	قباء
138	39.596494	24.444361	تنسيق الاشجار والزهور	حى الظاهر	قباء
139	39.596449	24.444457	تنسيق الاشجار والزهور	حى الظاهر	قباء
140	39.59532	24.446297	تنسيق الاشجار والزهور	حى الظاهر	قباء
141	39.59521	24.446481	تنسيق الاشجار والزهور	حى الظاهر	قباء
142	39.595155	24.446568	تنسيق الاشجار والزهور	حى الظاهر	قباء
143	39.595098	24.446657	تنسيق الاشجار والزهور	حى الظاهر	قباء
144	39.595043	24.446749	تنسيق الاشجار والزهور	حى الظاهر	قباء
145	39.593017	24.450068	تنسيق الاشجار والزهور	حى الظاهر	قباء
146	39.59296	24.45015	تنسيق الاشجار والزهور	حى الظاهر	قباء
147	39.592237	24.451326	تنسيق الاشجار والزهور	حى الظاهر	قباء
148	39.596223	24.445057	إزالة اللوحات الدعائية المخالفة	حى الظاهر	قباء
149	39.59289	24.450371	إزالة اللوحات الدعائية المخالفة	حى الظاهر	قباء
150	39.592873	24.450526	رخص المحلات	حى الظاهر	قباء
151	39.593835	24.448725	رخص المحلات	حى الظاهر	قباء
152	39.607829	24.426732	إزالة المباني الايلة للسقوط	حى العصبة	قباء
153	39.607455	24.427144	إزالة المباني الايلة للسقوط	حى العصبة	قباء
154	39.607319	24.427313	إزالة المظلات والهناكر (داخل الاحياء)	حى العصبة	قباء
155	39.610878	24.424253	صبات خراصانية	حى العصبة	قباء
156	39.618434	24.421314	اسكراب وتشليح	حى العصبة	قباء
157	39.606566	24.428218	اسكراب وتشليح	حى العصبة	قباء
158	39.607813	24.426746	معالجة حاويات النظافة	حى العصبة	قباء
159	39.60746	24.427111	معالجة حاويات النظافة	حى العصبة	قباء
160	39.607115	24.42752	معالجة حاويات النظافة	حى العصبة	قباء
161	39.606638	24.428289	معالجة حاويات النظافة	حى العصبة	قباء
162	39.608343	24.426339	إزالة اللوحات الدعائية المخالفة	حى العصبة	قباء
163	39.608131	24.426509	إزالة اللوحات الدعائية المخالفة	حى العصبة	قباء
164	39.606486	24.428337	إزالة اللوحات الدعائية المخالفة	حى العصبة	قباء
165	39.60708	24.427858	إزالة اللوحات الدعائية المخالفة	حى العصبة	قباء
166	39.606807	24.428017	معالجة محطات الوقود	حى العصبة	قباء
167	39.60777	24.426877	رخص المحلات	حى العصبة	قباء
168	39.607652	24.42695	رخص المحلات	حى العصبة	قباء
169	39.606655	24.428152	رخص المحلات	حى العصبة	قباء
170	39.608262	24.426424	رخص المحلات	حى العصبة	قباء
171	39.607345	24.427304	رخص المحلات	حى العصبة	قباء
172	39.607243	24.427415	رخص المحلات	حى العصبة	قباء
173	39.62797	24.42157	إزالة المظلات والهناكر (داخل الاحياء)	حي الخاتم	قباء
174	39.623358	24.421003	إزالة المظلات والهناكر (داخل الاحياء)	حي الخاتم	قباء
175	39.623036	24.421046	إزالة المظلات والهناكر (داخل الاحياء)	حي الخاتم	قباء
176	39.632787	24.422491	إزالة المباني الايلة للسقوط	حي الخاتم	قباء
177	39.626579	24.421513	إزالة الاستراحات واحواش الماشية والعشش والصناديق المنتشره علي مداخل المدينة	حي الخاتم	قباء
178	39.633823	24.422652	تنسيق الاشجار والزهور	حي الخاتم	قباء
179	39.633733	24.422621	تنسيق الاشجار والزهور	حي الخاتم	قباء
180	39.628465	24.421644	معالجة حاويات النظافة	حي الخاتم	قباء
181	39.625337	24.421105	معالجة حاويات النظافة	حي الخاتم	قباء
182	39.624693	24.421031	معالجة حاويات النظافة	حي الخاتم	قباء
183	39.640888	24.423073	تحسين وجهات	حى الرواب	قباء
184	39.641628	24.423121	رخص المحلات	حى الرواب	قباء
185	39.637106	24.422338	صبات خراصانية	حى الرواب	قباء
186	39.651728	24.428916	صبات خراصانية	حى الرواب	قباء
187	39.652114	24.429231	تنسيق الاشجار والزهور	حى الرواب	قباء
188	39.652168	24.429299	تنسيق الاشجار والزهور	حى الرواب	قباء
189	39.649081	24.426755	معالجة حاويات النظافة	حى الرواب	قباء
190	39.637246	24.422272	إزالة اللوحات الدعائية المخالفة	حى الرواب	قباء
191	39.638986	24.422613	ازالة مخلفات البناء والهدم ونواتج الحفر	حى الرواب	قباء
192	39.639326	24.422615	رخص المحلات	حى الرواب	قباء
193	39.64228	24.423413	رخص المحلات	حى الرواب	قباء
194	39.637074	24.422247	رخص المحلات	حى الرواب	قباء
195	39.651663	24.42882	رخص المحلات	حى الرواب	قباء
196	39.615795	24.421075	إزالة المظلات والهناكر (داخل الاحياء)	حي الحديق	قباء
197	39.607356	24.426119	صبات خراصانية	حي الحديق	قباء
198	39.607718	24.425805	صبات خراصانية	حي الحديق	قباء
199	39.607788	24.425702	صبات خراصانية	حي الحديق	قباء
200	39.613208	24.421851	معالجة حاويات النظافة	حي الحديق	قباء
201	39.607585	24.425833	معالجة محطات الوقود	حي الحديق	قباء
202	39.60694	24.426042	ازالة مخلفات البناء والهدم ونواتج الحفر	حي الحديق	قباء
203	39.609383	24.42435	ازالة مخلفات البناء والهدم ونواتج الحفر	حي الحديق	قباء
204	39.614	24.421466	ازالة مخلفات البناء والهدم ونواتج الحفر	حي الحديق	قباء
205	39.612755	24.42207	رخص المحلات	حي الحديق	قباء
206	39.61727	24.420577	رخص المحلات	حي الحديق	قباء
207	39.617909	24.420434	رخص المحلات	حي الحديق	قباء
208	39.619988	24.420126	رخص المحلات	حي الحديق	قباء
209	39.616088	24.420905	رخص المحلات	حي الحديق	قباء
210	39.616391	24.420697	رخص المحلات	حي الحديق	قباء
211	39.617016	24.420718	اسكراب وتشليح	حي الحديق	قباء
212	39.604168	24.430085	إزالة الاستراحات واحواش الماشية والعشش والصناديق المنتشره علي مداخل المدينة	حى القصوا	قباء
213	39.60309	24.432102	معالجة حاويات النظافة	حى القصوا	قباء
214	39.603855	24.430037	إزالة اللوحات الدعائية المخالفة	حى القصوا	قباء
215	39.604537	24.429362	ازالة مخلفات البناء والهدم ونواتج الحفر	حى القصوا	قباء
216	39.6025	24.495179	إزالة السيارات التالفة والمهملة	حى مسجد ال	أحد
217	39.607478	24.495408	إزالة الاستراحات واحواش الماشية والعشش والصناديق المنتشره علي مداخل المدينة	حى مسجد ال	أحد
218	39.61015	24.495709	إزالة الاستراحات واحواش الماشية والعشش والصناديق المنتشره علي مداخل المدينة	حى مسجد ال	أحد
219	39.615817	24.497485	تنسيق الاشجار والزهور	حى مسجد ال	أحد
220	39.602143	24.49509	معالجة حاويات النظافة	حى مسجد ال	أحد
221	39.608282	24.495369	إزالة اللوحات الدعائية المخالفة	حى مسجد ال	أحد
222	39.608718	24.495519	إزالة اللوحات الدعائية المخالفة	حى مسجد ال	أحد
223	39.610893	24.495706	ازالة مخلفات البناء والهدم ونواتج الحفر	حى مسجد ال	أحد
224	39.606978	24.495513	رخص المحلات	حى مسجد ال	أحد
225	39.607353	24.495419	رخص المحلات	حى مسجد ال	أحد
226	39.604937	24.495378	رخص المحلات	حى مسجد ال	أحد
227	39.610052	24.495777	اسكراب وتشليح	حى مسجد ال	أحد
228	39.61928	24.498924	رخص المحلات	حى بنى حار	أحد
229	39.627841	24.4992	إزالة المباني الايلة للسقوط	حى بنى حار	أحد
230	39.631012	24.498262	تحسين وجهات	حى بنى حار	أحد
231	39.630892	24.498393	تحسين وجهات	حى بنى حار	أحد
232	39.631163	24.498262	تحسين وجهات	حى بنى حار	أحد
233	39.631895	24.497997	تحسين وجهات	حى بنى حار	أحد
234	39.631979	24.49785	تحسين وجهات	حى بنى حار	أحد
235	39.632219	24.497936	إزالة المباني الايلة للسقوط	حى بنى حار	أحد
236	39.632376	24.497814	إزالة المباني الايلة للسقوط	حى بنى حار	أحد
237	39.632539	24.497843	إزالة الكتابات المشوهة للمظهر العام	حى بنى حار	أحد
238	39.632675	24.497739	تحسين وجهات	حى بنى حار	أحد
239	39.63273	24.497374	إزالة المباني الايلة للسقوط	حى بنى حار	أحد
240	39.635837	24.496624	إزالة المباني الايلة للسقوط	حى بنى حار	أحد
241	39.636313	24.496442	تحسين وجهات	حى بنى حار	أحد
242	39.636564	24.496329	إزالة المباني الايلة للسقوط	حى بنى حار	أحد
243	39.637028	24.496128	تحسين وجهات	حى بنى حار	أحد
244	39.637429	24.49599	إزالة المظلات والهناكر (داخل الاحياء)	حى بنى حار	أحد
245	39.63054	24.498528	إزالة السيارات التالفة والمهملة	حى بنى حار	أحد
246	39.636032	24.496581	إزالة السيارات التالفة والمهملة	حى بنى حار	أحد
247	39.621732	24.499622	تنسيق الاشجار والزهور	حى بنى حار	أحد
248	39.621832	24.499638	تنسيق الاشجار والزهور	حى بنى حار	أحد
249	39.631175	24.498226	اسكراب وتشليح	حى بنى حار	أحد
250	39.632785	24.49773	اسكراب وتشليح	حى بنى حار	أحد
251	39.637428	24.495995	اسكراب وتشليح	حى بنى حار	أحد
252	39.619484	24.499005	إزالة الاستراحات واحواش الماشية والعشش والصناديق المنتشره علي مداخل المدينة	حى بنى حار	أحد
253	39.621931	24.499648	تنسيق الاشجار والزهور	حى بنى حار	أحد
254	39.622045	24.499648	تنسيق الاشجار والزهور	حى بنى حار	أحد
255	39.622133	24.499676	تنسيق الاشجار والزهور	حى بنى حار	أحد
256	39.622628	24.49973	تنسيق الاشجار والزهور	حى بنى حار	أحد
257	39.622726	24.499746	تنسيق الاشجار والزهور	حى بنى حار	أحد
258	39.622834	24.499739	تنسيق الاشجار والزهور	حى بنى حار	أحد
259	39.622922	24.499764	تنسيق الاشجار والزهور	حى بنى حار	أحد
260	39.623125	24.499779	تنسيق الاشجار والزهور	حى بنى حار	أحد
261	39.623323	24.499787	تنسيق الاشجار والزهور	حى بنى حار	أحد
262	39.623625	24.499796	تنسيق الاشجار والزهور	حى بنى حار	أحد
263	39.625212	24.499644	معالجة حاويات النظافة	حى بنى حار	أحد
264	39.63108	24.498393	معالجة حاويات النظافة	حى بنى حار	أحد
265	39.631677	24.498181	معالجة حاويات النظافة	حى بنى حار	أحد
266	39.635819	24.496712	معالجة حاويات النظافة	حى بنى حار	أحد
267	39.617218	24.497687	إزالة اللوحات الدعائية المخالفة	حى بنى حار	أحد
268	39.635294	24.496846	إزالة اللوحات الدعائية المخالفة	حى بنى حار	أحد
269	39.635594	24.496749	إزالة اللوحات الدعائية المخالفة	حى بنى حار	أحد
270	39.624825	24.499683	معالجة محطات الوقود	حى بنى حار	أحد
271	39.621184	24.499407	ازالة مخلفات البناء والهدم ونواتج الحفر	حى بنى حار	أحد
272	39.631698	24.498159	ازالة مخلفات البناء والهدم ونواتج الحفر	حى بنى حار	أحد
273	39.631197	24.49824	رخص المحلات	حى بنى حار	أحد
274	39.631962	24.498027	رخص المحلات	حى بنى حار	أحد
275	39.619149	24.49882	رخص المحلات	حى بنى حار	أحد
276	39.619756	24.499145	اسكراب وتشليح	حى بنى حار	أحد
277	39.620031	24.499217	اسكراب وتشليح	حى بنى حار	أحد
278	39.60203	24.496081	اسكراب وتشليح	حى الشهدا	أحد
279	39.610147	24.496709	صبات خراصانية	حى الشهدا	أحد
280	39.605166	24.496261	صبات خراصانية	حى الشهدا	أحد
281	39.604106	24.496209	صبات خراصانية	حى الشهدا	أحد
282	39.603931	24.496263	صبات خراصانية	حى الشهدا	أحد
283	39.605174	24.496268	صبات خراصانية	حى الشهدا	أحد
284	39.621183	24.50035	إزالة الاستراحات واحواش الماشية والعشش والصناديق المنتشره علي مداخل المدينة	حى الشهدا	أحد
285	39.605385	24.496267	إزالة الاستراحات واحواش الماشية والعشش والصناديق المنتشره علي مداخل المدينة	حى الشهدا	أحد
286	39.604545	24.496428	رخص المحلات	حى الشهدا	أحد
287	39.604056	24.496344	رخص المحلات	حى الشهدا	أحد
288	39.618031	24.499605	معالجة حاويات النظافة	حى الشهدا	أحد
289	39.610404	24.49709	معالجة حاويات النظافة	حى الشهدا	أحد
290	39.604505	24.496229	معالجة حاويات النظافة	حى الشهدا	أحد
291	39.60413	24.496216	معالجة حاويات النظافة	حى الشهدا	أحد
292	39.602716	24.496318	معالجة حاويات النظافة	حى الشهدا	أحد
293	39.609654	24.49673	إزالة اللوحات الدعائية المخالفة	حى الشهدا	أحد
294	39.609384	24.496645	إزالة اللوحات الدعائية المخالفة	حى الشهدا	أحد
295	39.609235	24.496746	إزالة اللوحات الدعائية المخالفة	حى الشهدا	أحد
296	39.609187	24.496748	إزالة اللوحات الدعائية المخالفة	حى الشهدا	أحد
297	39.606941	24.496369	إزالة اللوحات الدعائية المخالفة	حى الشهدا	أحد
298	39.604311	24.496254	معالجة محطات الوقود	حى الشهدا	أحد
299	39.601832	24.496413	ازالة مخلفات البناء والهدم ونواتج الحفر	حى الشهدا	أحد
300	39.622482	24.500483	ازالة مخلفات البناء والهدم ونواتج الحفر	حى الشهدا	أحد
301	39.605183	24.496351	إزالة المباني الايلة للسقوط	حى الشهدا	أحد
302	39.602564	24.496514	إزالة المباني الايلة للسقوط	حى الشهدا	أحد
303	39.608954	24.496577	اسكراب وتشليح	حى الشهدا	أحد
304	39.601691	24.496124	اسكراب وتشليح	حى الشهدا	أحد
305	39.635725	24.497505	إزالة المباني الايلة للسقوط	حي جبل أحـ	أحد
306	39.636968	24.497069	اسكراب وتشليح	حي جبل أحـ	أحد
307	39.636649	24.497149	معالجة حاويات النظافة	حي جبل أحـ	أحد
308	39.627353	24.500237	معالجة حاويات النظافة	حي جبل أحـ	أحد
309	39.626245	24.500446	رخص المحلات	حي جبل أحـ	أحد
310	39.63631	24.497369	اسكراب وتشليح	حي جبل أحـ	أحد
311	39.587456	24.457327	إزالة السيارات التالفة والمهملة	حى حرة الو	العقيق
312	39.587777	24.457074	إزالة السيارات التالفة والمهملة	حى حرة الو	العقيق
313	39.584846	24.461789	إزالة الكتابات المشوهة للمظهر العام	حى حرة الو	العقيق
314	39.58606	24.459868	إزالة الكتابات المشوهة للمظهر العام	حى حرة الو	العقيق
315	39.587436	24.457307	إزالة المظلات والهناكر (داخل الاحياء)	حى حرة الو	العقيق
316	39.585325	24.461111	تنسيق الاشجار والزهور	حى حرة الو	العقيق
317	39.585799	24.460357	تنسيق الاشجار والزهور	حى حرة الو	العقيق
318	39.588189	24.456432	تنسيق الاشجار والزهور	حى حرة الو	العقيق
319	39.588247	24.456352	تنسيق الاشجار والزهور	حى حرة الو	العقيق
320	39.588348	24.456168	تنسيق الاشجار والزهور	حى حرة الو	العقيق
321	39.588366	24.456019	تنسيق الاشجار والزهور	حى حرة الو	العقيق
322	39.588577	24.455808	تنسيق الاشجار والزهور	حى حرة الو	العقيق
323	39.588637	24.455719	تنسيق الاشجار والزهور	حى حرة الو	العقيق
324	39.588736	24.455545	تنسيق الاشجار والزهور	حى حرة الو	العقيق
325	39.589079	24.454985	تنسيق الاشجار والزهور	حى حرة الو	العقيق
326	39.589131	24.454898	تنسيق الاشجار والزهور	حى حرة الو	العقيق
327	39.587404	24.457343	إزالة الاستراحات واحواش الماشية والعشش والصناديق المنتشره علي مداخل المدينة	حى حرة الو	العقيق
328	39.583541	24.464086	معالجة حاويات النظافة	حى حرة الو	العقيق
329	39.584267	24.462821	معالجة حاويات النظافة	حى حرة الو	العقيق
330	39.584781	24.462028	معالجة حاويات النظافة	حى حرة الو	العقيق
331	39.586603	24.459048	معالجة حاويات النظافة	حى حرة الو	العقيق
332	39.586888	24.45859	معالجة حاويات النظافة	حى حرة الو	العقيق
333	39.586922	24.458438	معالجة حاويات النظافة	حى حرة الو	العقيق
334	39.587269	24.45796	معالجة حاويات النظافة	حى حرة الو	العقيق
335	39.587383	24.457269	معالجة حاويات النظافة	حى حرة الو	العقيق
336	39.582842	24.46534	إزالة اللوحات الدعائية المخالفة	حى حرة الو	العقيق
337	39.582852	24.465182	إزالة اللوحات الدعائية المخالفة	حى حرة الو	العقيق
338	39.583931	24.463215	إزالة اللوحات الدعائية المخالفة	حى حرة الو	العقيق
339	39.58441	24.462462	إزالة اللوحات الدعائية المخالفة	حى حرة الو	العقيق
340	39.584485	24.462391	إزالة اللوحات الدعائية المخالفة	حى حرة الو	العقيق
341	39.584629	24.462156	إزالة اللوحات الدعائية المخالفة	حى حرة الو	العقيق
342	39.585211	24.46128	إزالة اللوحات الدعائية المخالفة	حى حرة الو	العقيق
343	39.585109	24.461218	إزالة اللوحات الدعائية المخالفة	حى حرة الو	العقيق
344	39.586464	24.459166	إزالة اللوحات الدعائية المخالفة	حى حرة الو	العقيق
345	39.586535	24.459031	إزالة اللوحات الدعائية المخالفة	حى حرة الو	العقيق
346	39.586833	24.458631	إزالة اللوحات الدعائية المخالفة	حى حرة الو	العقيق
347	39.586861	24.458602	إزالة اللوحات الدعائية المخالفة	حى حرة الو	العقيق
348	39.587099	24.458082	إزالة اللوحات الدعائية المخالفة	حى حرة الو	العقيق
349	39.587176	24.457969	إزالة اللوحات الدعائية المخالفة	حى حرة الو	العقيق
350	39.587417	24.457596	إزالة اللوحات الدعائية المخالفة	حى حرة الو	العقيق
351	39.582471	24.465498	معالجة محطات الوقود	حى حرة الو	العقيق
352	39.586979	24.458225	معالجة محطات الوقود	حى حرة الو	العقيق
353	39.582665	24.465785	رخص المحلات	حى حرة الو	العقيق
354	39.583083	24.464888	رخص المحلات	حى حرة الو	العقيق
355	39.58643	24.459134	رخص المحلات	حى حرة الو	العقيق
356	39.583143	24.464884	اسكراب وتشليح	حى حرة الو	العقيق
357	39.58522	24.461258	إزالة الاستراحات واحواش الماشية والعشش والصناديق المنتشره علي مداخل المدينة	حى حرة الو	العقيق
358	39.58658	24.458961	اسكراب وتشليح	حى حرة الو	العقيق
359	39.650875	24.429401	اسكراب وتشليح	حى العهن	قباء
360	39.644634	24.425087	صبات خراصانية	حى العهن	قباء
361	39.643344	24.424564	صبات خراصانية	حى العهن	قباء
362	39.642722	24.424374	صبات خراصانية	حى العهن	قباء
363	39.649493	24.428265	إزالة الاستراحات واحواش الماشية والعشش والصناديق المنتشره علي مداخل المدينة	حى العهن	قباء
364	39.635014	24.422852	تنسيق الاشجار والزهور	حى العهن	قباء
365	39.634931	24.422829	تنسيق الاشجار والزهور	حى العهن	قباء
366	39.65058	24.429118	معالجة حاويات النظافة	حى العهن	قباء
367	39.650412	24.429019	معالجة حاويات النظافة	حى العهن	قباء
368	39.649633	24.428319	معالجة حاويات النظافة	حى العهن	قباء
369	39.648905	24.427926	معالجة حاويات النظافة	حى العهن	قباء
370	39.647973	24.427141	معالجة حاويات النظافة	حى العهن	قباء
371	39.647389	24.426628	معالجة حاويات النظافة	حى العهن	قباء
372	39.638045	24.423442	معالجة حاويات النظافة	حى العهن	قباء
373	39.637823	24.423538	معالجة حاويات النظافة	حى العهن	قباء
374	39.638697	24.423512	إزالة اللوحات الدعائية المخالفة	حى العهن	قباء
375	39.647609	24.426989	معالجة محطات الوقود	حى العهن	قباء
376	39.649496	24.42839	رخص المحلات	حى العهن	قباء
377	39.648894	24.427864	رخص المحلات	حى العهن	قباء
378	39.650412	24.429052	رخص المحلات	حى العهن	قباء
379	39.667277	24.449873	رخص المحلات	حي وادي مه	العوالي
380	39.657726	24.43508	إزالة الكتابات المشوهة للمظهر العام	حي وادي مه	العوالي
381	39.663087	24.440142	صبات خراصانية	حي وادي مه	العوالي
382	39.652684	24.43096	صبات خراصانية	حي وادي مه	العوالي
383	39.667365	24.449841	معالجة حاويات النظافة	حي وادي مه	العوالي
384	39.65934	24.436406	معالجة حاويات النظافة	حي وادي مه	العوالي
385	39.6659	24.44495	إزالة اللوحات الدعائية المخالفة	حي وادي مه	العوالي
386	39.656827	24.434517	إزالة اللوحات الدعائية المخالفة	حي وادي مه	العوالي
387	39.666805	24.447248	ازالة مخلفات البناء والهدم ونواتج الحفر	حي وادي مه	العوالي
388	39.666061	24.445313	رخص المحلات	حي وادي مه	العوالي
389	39.656161	24.433855	رخص المحلات	حي وادي مه	العوالي
390	39.666174	24.445488	رخص المحلات	حي وادي مه	العوالي
391	39.599503	24.495967	إزالة السيارات التالفة والمهملة	حى العـيـ	العيون
392	39.599404	24.495948	إزالة السيارات التالفة والمهملة	حى العـيـ	العيون
393	39.589876	24.491212	إزالة المظلات والهناكر (داخل الاحياء)	حى العـيـ	العيون
394	39.589046	24.490275	إزالة المباني الايلة للسقوط	حى العـيـ	العيون
395	39.600406	24.496011	صبات خراصانية	حى العـيـ	العيون
396	39.600342	24.495987	صبات خراصانية	حى العـيـ	العيون
397	39.599814	24.495942	صبات خراصانية	حى العـيـ	العيون
398	39.599758	24.49594	صبات خراصانية	حى العـيـ	العيون
399	39.599695	24.495934	صبات خراصانية	حى العـيـ	العيون
400	39.593023	24.493802	صبات خراصانية	حى العـيـ	العيون
401	39.592817	24.493564	صبات خراصانية	حى العـيـ	العيون
402	39.592855	24.493686	صبات خراصانية	حى العـيـ	العيون
403	39.592881	24.493592	صبات خراصانية	حى العـيـ	العيون
404	39.589415	24.49059	صبات خراصانية	حى العـيـ	العيون
405	39.588515	24.48943	صبات خراصانية	حى العـيـ	العيون
406	39.587555	24.487987	صبات خراصانية	حى العـيـ	العيون
407	39.597564	24.495629	تنسيق الاشجار والزهور	حى العـيـ	العيون
408	39.595731	24.494982	تنسيق الاشجار والزهور	حى العـيـ	العيون
409	39.587387	24.488215	إزالة الاستراحات واحواش الماشية والعشش والصناديق المنتشره علي مداخل المدينة	حى العـيـ	العيون
410	39.599658	24.495967	رخص المحلات	حى العـيـ	العيون
411	39.600581	24.49602	معالجة حاويات النظافة	حى العـيـ	العيون
412	39.592405	24.493363	معالجة حاويات النظافة	حى العـيـ	العيون
413	39.600429	24.495991	إزالة اللوحات الدعائية المخالفة	حى العـيـ	العيون
414	39.600073	24.495967	إزالة اللوحات الدعائية المخالفة	حى العـيـ	العيون
415	39.595343	24.495005	إزالة اللوحات الدعائية المخالفة	حى العـيـ	العيون
416	39.593074	24.49386	إزالة اللوحات الدعائية المخالفة	حى العـيـ	العيون
417	39.591994	24.49309	إزالة اللوحات الدعائية المخالفة	حى العـيـ	العيون
418	39.591945	24.493031	إزالة اللوحات الدعائية المخالفة	حى العـيـ	العيون
419	39.592646	24.493681	معالجة محطات الوقود	حى العـيـ	العيون
420	39.59297	24.49382	رخص المحلات	حى العـيـ	العيون
421	39.591163	24.492436	رخص المحلات	حى العـيـ	العيون
422	39.591189	24.492425	رخص المحلات	حى العـيـ	العيون
423	39.590986	24.492264	رخص المحلات	حى العـيـ	العيون
424	39.590785	24.492096	رخص المحلات	حى العـيـ	العيون
425	39.58905	24.490584	رخص المحلات	حى العـيـ	العيون
426	39.588642	24.489736	رخص المحلات	حى العـيـ	العيون
427	39.60025	24.495978	اسكراب وتشليح	حى العـيـ	العيون
428	39.589469	24.490661	اسكراب وتشليح	حى العـيـ	العيون
429	39.588428	24.489473	اسكراب وتشليح	حى العـيـ	العيون
430	39.587836	24.458516	إزالة الكتابات المشوهة للمظهر العام	حى الأصيف	العقيق
431	39.587668	24.458891	ازالة مخلفات البناء والهدم ونواتج الحفر	حى الأصيف	العقيق
432	39.587094	24.459911	تحسين وجهات	حى الأصيف	العقيق
433	39.586589	24.460669	إزالة المباني الايلة للسقوط	حى الأصيف	العقيق
434	39.586424	24.460906	إزالة الكتابات المشوهة للمظهر العام	حى الأصيف	العقيق
435	39.586477	24.461025	إزالة الكتابات المشوهة للمظهر العام	حى الأصيف	العقيق
436	39.586161	24.461264	إزالة الكتابات المشوهة للمظهر العام	حى الأصيف	العقيق
437	39.586106	24.461448	إزالة المباني الايلة للسقوط	حى الأصيف	العقيق
438	39.585432	24.462568	تحسين وجهات	حى الأصيف	العقيق
439	39.585238	24.462824	تحسين وجهات	حى الأصيف	العقيق
440	39.584789	24.463573	إزالة المباني الايلة للسقوط	حى الأصيف	العقيق
441	39.584784	24.463554	إزالة الكتابات المشوهة للمظهر العام	حى الأصيف	العقيق
442	39.584732	24.463703	إزالة المباني الايلة للسقوط	حى الأصيف	العقيق
443	39.583907	24.465279	إزالة الكتابات المشوهة للمظهر العام	حى الأصيف	العقيق
444	39.586287	24.461125	إزالة الاستراحات واحواش الماشية والعشش والصناديق المنتشره علي مداخل المدينة	حى الأصيف	العقيق
445	39.587165	24.459931	رخص المحلات	حى الأصيف	العقيق
446	39.5854	24.46263	رخص المحلات	حى الأصيف	العقيق
447	39.589342	24.456231	معالجة حاويات النظافة	حى الأصيف	العقيق
448	39.588454	24.457555	معالجة حاويات النظافة	حى الأصيف	العقيق
449	39.587673	24.458821	معالجة حاويات النظافة	حى الأصيف	العقيق
450	39.587054	24.459784	معالجة حاويات النظافة	حى الأصيف	العقيق
451	39.5864	24.460842	معالجة حاويات النظافة	حى الأصيف	العقيق
452	39.585187	24.462836	معالجة حاويات النظافة	حى الأصيف	العقيق
453	39.583657	24.465728	معالجة حاويات النظافة	حى الأصيف	العقيق
454	39.588254	24.457925	إزالة اللوحات الدعائية المخالفة	حى الأصيف	العقيق
455	39.587292	24.459453	إزالة اللوحات الدعائية المخالفة	حى الأصيف	العقيق
456	39.589432	24.45616	معالجة محطات الوقود	حى الأصيف	العقيق
457	39.585925	24.462134	معالجة محطات الوقود	حى الأصيف	العقيق
458	39.590412	24.454472	رخص المحلات	حى الأصيف	العقيق
459	39.589566	24.455856	رخص المحلات	حى الأصيف	العقيق
460	39.589054	24.456637	رخص المحلات	حى الأصيف	العقيق
461	39.588079	24.458185	رخص المحلات	حى الأصيف	العقيق
462	39.587918	24.458444	رخص المحلات	حى الأصيف	العقيق
463	39.587327	24.459422	رخص المحلات	حى الأصيف	العقيق
464	39.587342	24.459361	رخص المحلات	حى الأصيف	العقيق
465	39.586795	24.460249	رخص المحلات	حى الأصيف	العقيق
466	39.588561	24.457813	رخص المحلات	حى الأصيف	العقيق
467	39.586185	24.461293	رخص المحلات	حى الأصيف	العقيق
468	39.594505	24.445975	إزالة الكتابات المشوهة للمظهر العام	حى عروة	العقيق
469	39.595638	24.444241	صبات خراصانية	حى عروة	العقيق
470	39.595079	24.445196	تنسيق الاشجار والزهور	حى عروة	العقيق
471	39.591253	24.451079	معالجة حاويات النظافة	حى عروة	العقيق
472	39.59121	24.451364	إزالة اللوحات الدعائية المخالفة	حى عروة	العقيق
473	39.594806	24.445475	معالجة محطات الوقود	حى عروة	العقيق
474	39.590629	24.452438	ازالة مخلفات البناء والهدم ونواتج الحفر	حى عروة	العقيق
475	39.594271	24.446232	ازالة مخلفات البناء والهدم ونواتج الحفر	حى عروة	العقيق
476	39.591432	24.451074	اسكراب وتشليح	حى عروة	العقيق
477	39.583507	24.481084	صبات خراصانية	حى الـقـب	العقيق
478	39.583499	24.480748	صبات خراصانية	حى الـقـب	العقيق
479	39.582777	24.478826	تنسيق الاشجار والزهور	حى الـقـب	العقيق
480	39.582802	24.478916	تنسيق الاشجار والزهور	حى الـقـب	العقيق
481	39.582873	24.479087	تنسيق الاشجار والزهور	حى الـقـب	العقيق
482	39.581819	24.468861	تنسيق الاشجار والزهور	حى الـقـب	العقيق
483	39.581838	24.468772	تنسيق الاشجار والزهور	حى الـقـب	العقيق
484	39.581861	24.468684	تنسيق الاشجار والزهور	حى الـقـب	العقيق
485	39.581798	24.46895	تنسيق الاشجار والزهور	حى الـقـب	العقيق
486	39.581776	24.46904	تنسيق الاشجار والزهور	حى الـقـب	العقيق
487	39.581753	24.469127	تنسيق الاشجار والزهور	حى الـقـب	العقيق
488	39.581744	24.469216	تنسيق الاشجار والزهور	حى الـقـب	العقيق
489	39.581727	24.469306	تنسيق الاشجار والزهور	حى الـقـب	العقيق
490	39.581701	24.469484	تنسيق الاشجار والزهور	حى الـقـب	العقيق
491	39.582598	24.478617	إزالة الاستراحات واحواش الماشية والعشش والصناديق المنتشره علي مداخل المدينة	حى الـقـب	العقيق
492	39.581894	24.476429	معالجة حاويات النظافة	حى الـقـب	العقيق
493	39.581574	24.474454	معالجة حاويات النظافة	حى الـقـب	العقيق
494	39.581508	24.473825	معالجة حاويات النظافة	حى الـقـب	العقيق
495	39.581489	24.473665	معالجة حاويات النظافة	حى الـقـب	العقيق
496	39.581465	24.473542	معالجة حاويات النظافة	حى الـقـب	العقيق
497	39.581459	24.472959	معالجة حاويات النظافة	حى الـقـب	العقيق
498	39.581353	24.471825	معالجة حاويات النظافة	حى الـقـب	العقيق
499	39.58151	24.470974	معالجة حاويات النظافة	حى الـقـب	العقيق
500	39.581544	24.47035	معالجة حاويات النظافة	حى الـقـب	العقيق
501	39.581884	24.476389	إزالة اللوحات الدعائية المخالفة	حى الـقـب	العقيق
502	39.58154	24.474048	إزالة اللوحات الدعائية المخالفة	حى الـقـب	العقيق
503	39.581424	24.472408	إزالة اللوحات الدعائية المخالفة	حى الـقـب	العقيق
504	39.581353	24.472036	إزالة اللوحات الدعائية المخالفة	حى الـقـب	العقيق
505	39.581342	24.471058	إزالة اللوحات الدعائية المخالفة	حى الـقـب	العقيق
506	39.581493	24.470069	إزالة اللوحات الدعائية المخالفة	حى الـقـب	العقيق
507	39.581553	24.469912	إزالة اللوحات الدعائية المخالفة	حى الـقـب	العقيق
508	39.581941	24.476831	معالجة محطات الوقود	حى الـقـب	العقيق
509	39.581319	24.470884	معالجة محطات الوقود	حى الـقـب	العقيق
510	39.583506	24.480862	رخص المحلات	حى الـقـب	العقيق
511	39.582464	24.478101	رخص المحلات	حى الـقـب	العقيق
512	39.582363	24.477942	رخص المحلات	حى الـقـب	العقيق
513	39.582321	24.477798	رخص المحلات	حى الـقـب	العقيق
514	39.582154	24.47722	رخص المحلات	حى الـقـب	العقيق
515	39.581608	24.475291	رخص المحلات	حى الـقـب	العقيق
516	39.581375	24.473512	رخص المحلات	حى الـقـب	العقيق
517	39.581356	24.473328	رخص المحلات	حى الـقـب	العقيق
518	39.581383	24.471151	رخص المحلات	حى الـقـب	العقيق
519	39.581517	24.469912	رخص المحلات	حى الـقـب	العقيق
520	39.5817	24.47609	اسكراب وتشليح	حى الـقـب	العقيق
521	39.581378	24.472001	اسكراب وتشليح	حى الـقـب	العقيق
522	39.581479	24.470513	اسكراب وتشليح	حى الـقـب	العقيق
523	39.581532	24.47047	اسكراب وتشليح	حى الـقـب	العقيق
524	39.592125	24.492209	رخص المحلات	حى الراية	العيون
525	39.594424	24.493548	إزالة المظلات والهناكر (داخل الاحياء)	حى الراية	العيون
526	39.589926	24.489867	إزالة السيارات التالفة والمهملة	حى الراية	العيون
527	39.597378	24.494705	إزالة السيارات التالفة والمهملة	حى الراية	العيون
528	39.60069	24.495098	صبات خراصانية	حى الراية	العيون
529	39.589999	24.489929	معالجة حاويات النظافة	حى الراية	العيون
530	39.592816	24.492292	معالجة حاويات النظافة	حى الراية	العيون
531	39.596623	24.494393	معالجة حاويات النظافة	حى الراية	العيون
532	39.58942	24.489227	إزالة اللوحات الدعائية المخالفة	حى الراية	العيون
533	39.590701	24.490837	إزالة اللوحات الدعائية المخالفة	حى الراية	العيون
534	39.591259	24.491389	إزالة اللوحات الدعائية المخالفة	حى الراية	العيون
535	39.592444	24.492283	إزالة اللوحات الدعائية المخالفة	حى الراية	العيون
536	39.591186	24.491264	إزالة اللوحات الدعائية المخالفة	حى الراية	العيون
537	39.589185	24.488713	معالجة محطات الوقود	حى الراية	العيون
538	39.597784	24.494711	معالجة محطات الوقود	حى الراية	العيون
539	39.594884	24.493768	ازالة مخلفات البناء والهدم ونواتج الحفر	حى الراية	العيون
540	39.596451	24.494337	ازالة مخلفات البناء والهدم ونواتج الحفر	حى الراية	العيون
541	39.596994	24.494497	ازالة مخلفات البناء والهدم ونواتج الحفر	حى الراية	العيون
542	39.597904	24.494594	ازالة مخلفات البناء والهدم ونواتج الحفر	حى الراية	العيون
543	39.591253	24.491272	رخص المحلات	حى الراية	العيون
544	39.592163	24.49214	رخص المحلات	حى الراية	العيون
545	39.592041	24.492039	اسكراب وتشليح	حى الراية	العيون
546	39.585097	24.481633	إزالة الكتابات المشوهة للمظهر العام	حى الفتح	العيون
547	39.585137	24.481714	معالجة حاويات النظافة	حى الفتح	العيون
548	39.585342	24.481975	إزالة اللوحات الدعائية المخالفة	حى الفتح	العيون
549	39.585686	24.482712	إزالة اللوحات الدعائية المخالفة	حى الفتح	العيون
550	39.584941	24.481212	رخص المحلات	حى الفتح	العيون
551	39.585046	24.481486	إزالة الاستراحات واحواش الماشية والعشش والصناديق المنتشره علي مداخل المدينة	حى الفتح	العيون
552	39.58532	24.481998	رخص المحلات	حى الفتح	العيون
553	39.586275	24.483732	رخص المحلات	حى الفتح	العيون
554	39.583666	24.478655	إزالة المباني الايلة للسقوط	حى العناب	العقيق
555	39.583929	24.47937	صبات خراصانية	حى العناب	العقيق
556	39.582454	24.469818	تنسيق الاشجار والزهور	حى العناب	العقيق
557	39.582473	24.469734	تنسيق الاشجار والزهور	حى العناب	العقيق
558	39.582479	24.469636	تنسيق الاشجار والزهور	حى العناب	العقيق
559	39.582402	24.470446	تنسيق الاشجار والزهور	حى العناب	العقيق
560	39.582273	24.472162	معالجة حاويات النظافة	حى العناب	العقيق
561	39.582269	24.472583	معالجة حاويات النظافة	حى العناب	العقيق
562	39.582289	24.473065	معالجة حاويات النظافة	حى العناب	العقيق
563	39.582322	24.473645	معالجة حاويات النظافة	حى العناب	العقيق
564	39.582449	24.474651	معالجة حاويات النظافة	حى العناب	العقيق
565	39.582478	24.474818	معالجة حاويات النظافة	حى العناب	العقيق
566	39.582503	24.475018	معالجة حاويات النظافة	حى العناب	العقيق
567	39.582773	24.476392	معالجة حاويات النظافة	حى العناب	العقيق
568	39.582807	24.476607	معالجة حاويات النظافة	حى العناب	العقيق
569	39.583314	24.47814	معالجة حاويات النظافة	حى العناب	العقيق
570	39.583594	24.478832	معالجة حاويات النظافة	حى العناب	العقيق
571	39.582595	24.468987	معالجة حاويات النظافة	حى العناب	العقيق
572	39.582734	24.475671	معالجة حاويات النظافة	حى العناب	العقيق
573	39.582423	24.470064	إزالة اللوحات الدعائية المخالفة	حى العناب	العقيق
574	39.582365	24.472126	إزالة اللوحات الدعائية المخالفة	حى العناب	العقيق
575	39.582484	24.474344	إزالة اللوحات الدعائية المخالفة	حى العناب	العقيق
576	39.583222	24.477559	إزالة اللوحات الدعائية المخالفة	حى العناب	العقيق
577	39.583839	24.479219	إزالة اللوحات الدعائية المخالفة	حى العناب	العقيق
578	39.582462	24.471056	معالجة محطات الوقود	حى العناب	العقيق
579	39.583481	24.478382	ازالة مخلفات البناء والهدم ونواتج الحفر	حى العناب	العقيق
580	39.582597	24.469066	رخص المحلات	حى العناب	العقيق
581	39.582385	24.470208	رخص المحلات	حى العناب	العقيق
582	39.582336	24.472819	رخص المحلات	حى العناب	العقيق
583	39.582306	24.472996	رخص المحلات	حى العناب	العقيق
584	39.582465	24.474197	رخص المحلات	حى العناب	العقيق
585	39.582497	24.474301	رخص المحلات	حى العناب	العقيق
586	39.582487	24.47445	رخص المحلات	حى العناب	العقيق
587	39.582515	24.474761	رخص المحلات	حى العناب	العقيق
588	39.583232	24.477709	رخص المحلات	حى العناب	العقيق
589	39.583295	24.477882	رخص المحلات	حى العناب	العقيق
590	39.582423	24.471595	رخص المحلات	حى العناب	العقيق
591	39.582417	24.470031	رخص المحلات	حى العناب	العقيق
592	39.582645	24.475851	رخص المحلات	حى العناب	العقيق
593	39.582639	24.475393	اسكراب وتشليح	حى العناب	العقيق
594	39.583082	24.477338	اسكراب وتشليح	حى العناب	العقيق
595	39.585863	24.484799	إزالة المظلات والهناكر (داخل الاحياء)	حى بئر عثم	العيون
596	39.583697	24.481388	صبات خراصانية	حى بئر عثم	العيون
597	39.584726	24.482985	إزالة الاستراحات واحواش الماشية والعشش والصناديق المنتشره علي مداخل المدينة	حى بئر عثم	العيون
598	39.584743	24.482697	إزالة الاستراحات واحواش الماشية والعشش والصناديق المنتشره علي مداخل المدينة	حى بئر عثم	العيون
599	39.586923	24.486995	رخص المحلات	حى بئر عثم	العيون
600	39.586856	24.486514	رخص المحلات	حى بئر عثم	العيون
601	39.585125	24.483375	رخص المحلات	حى بئر عثم	العيون
602	39.585065	24.48326	إزالة الاستراحات واحواش الماشية والعشش والصناديق المنتشره علي مداخل المدينة	حى بئر عثم	العيون
603	39.584311	24.481907	اسكراب وتشليح	حى بئر عثم	العيون
604	39.668581	24.453216	إزالة السيارات التالفة والمهملة	حى جشم	العوالي
605	39.668556	24.453263	إزالة السيارات التالفة والمهملة	حى جشم	العوالي
606	39.667962	24.458616	إزالة السيارات التالفة والمهملة	حى جشم	العوالي
607	39.668804	24.453975	إزالة المظلات والهناكر (داخل الاحياء)	حى جشم	العوالي
608	39.665439	24.465263	إزالة المظلات والهناكر (داخل الاحياء)	حى جشم	العوالي
609	39.664353	24.467888	إزالة المظلات والهناكر (داخل الاحياء)	حى جشم	العوالي
610	39.663511	24.46987	إزالة المظلات والهناكر (داخل الاحياء)	حى جشم	العوالي
611	39.662975	24.470598	إزالة المظلات والهناكر (داخل الاحياء)	حى جشم	العوالي
612	39.662824	24.470868	إزالة المظلات والهناكر (داخل الاحياء)	حى جشم	العوالي
613	39.667723	24.459166	صبات خراصانية	حى جشم	العوالي
614	39.664062	24.468676	اسكراب وتشليح	حى جشم	العوالي
615	39.668769	24.453455	معالجة حاويات النظافة	حى جشم	العوالي
616	39.668633	24.453811	معالجة حاويات النظافة	حى جشم	العوالي
617	39.668496	24.455149	معالجة حاويات النظافة	حى جشم	العوالي
618	39.668365	24.456157	معالجة حاويات النظافة	حى جشم	العوالي
619	39.66825	24.456534	معالجة حاويات النظافة	حى جشم	العوالي
620	39.668095	24.457738	معالجة حاويات النظافة	حى جشم	العوالي
621	39.665097	24.46638	معالجة حاويات النظافة	حى جشم	العوالي
622	39.664105	24.468347	معالجة حاويات النظافة	حى جشم	العوالي
623	39.663131	24.470211	معالجة حاويات النظافة	حى جشم	العوالي
624	39.668013	24.457867	إزالة اللوحات الدعائية المخالفة	حى جشم	العوالي
625	39.664273	24.468333	إزالة اللوحات الدعائية المخالفة	حى جشم	العوالي
626	39.668227	24.456972	ازالة مخلفات البناء والهدم ونواتج الحفر	حى جشم	العوالي
627	39.668161	24.457074	ازالة مخلفات البناء والهدم ونواتج الحفر	حى جشم	العوالي
628	39.668429	24.455589	رخص المحلات	حى جشم	العوالي
629	39.667427	24.459916	رخص المحلات	حى جشم	العوالي
630	39.665137	24.466185	رخص المحلات	حى جشم	العوالي
631	39.668683	24.452887	اسكراب وتشليح	حى جشم	العوالي
632	39.667918	24.458223	اسكراب وتشليح	حى جشم	العوالي
633	39.656461	24.432846	إزالة المظلات والهناكر (داخل الاحياء)	حى وادي مذ	العوالي
634	39.664271	24.440279	إزالة المظلات والهناكر (داخل الاحياء)	حى وادي مذ	العوالي
635	39.664427	24.44061	إزالة المظلات والهناكر (داخل الاحياء)	حى وادي مذ	العوالي
636	39.664867	24.441309	إزالة المظلات والهناكر (داخل الاحياء)	حى وادي مذ	العوالي
637	39.665008	24.44149	إزالة المظلات والهناكر (داخل الاحياء)	حى وادي مذ	العوالي
638	39.656631	24.433048	صبات خراصانية	حى وادي مذ	العوالي
639	39.660688	24.436558	صبات خراصانية	حى وادي مذ	العوالي
640	39.657741	24.433624	إزالة الاستراحات واحواش الماشية والعشش والصناديق المنتشره علي مداخل المدينة	حى وادي مذ	العوالي
641	39.65342	24.430371	معالجة حاويات النظافة	حى وادي مذ	العوالي
642	39.654779	24.431444	معالجة حاويات النظافة	حى وادي مذ	العوالي
643	39.655382	24.431868	معالجة حاويات النظافة	حى وادي مذ	العوالي
644	39.664043	24.439771	معالجة حاويات النظافة	حى وادي مذ	العوالي
645	39.664788	24.441197	معالجة حاويات النظافة	حى وادي مذ	العوالي
646	39.665004	24.441522	معالجة حاويات النظافة	حى وادي مذ	العوالي
647	39.666096	24.443401	معالجة حاويات النظافة	حى وادي مذ	العوالي
648	39.667893	24.44775	معالجة حاويات النظافة	حى وادي مذ	العوالي
649	39.658092	24.433938	ازالة مخلفات البناء والهدم ونواتج الحفر	حى وادي مذ	العوالي
650	39.660556	24.436313	ازالة مخلفات البناء والهدم ونواتج الحفر	حى وادي مذ	العوالي
651	39.667266	24.44584	ازالة مخلفات البناء والهدم ونواتج الحفر	حى وادي مذ	العوالي
652	39.667359	24.446186	ازالة مخلفات البناء والهدم ونواتج الحفر	حى وادي مذ	العوالي
653	39.653143	24.429997	رخص المحلات	حى وادي مذ	العوالي
654	39.65483	24.431413	رخص المحلات	حى وادي مذ	العوالي
655	39.664467	24.440622	رخص المحلات	حى وادي مذ	العوالي
656	39.664704	24.440956	رخص المحلات	حى وادي مذ	العوالي
657	39.654896	24.431576	رخص المحلات	حى وادي مذ	العوالي
658	39.663032	24.438382	رخص المحلات	حى وادي مذ	العوالي
659	39.664106	24.440161	رخص المحلات	حى وادي مذ	العوالي
660	39.666342	24.443736	رخص المحلات	حى وادي مذ	العوالي
